10,testproject10,11,testtask-10-11,2016-12-26 11:30:10,2016-12-30 17:30:30
20,testproject20,20,testtask-20-20,2016-12-26 11:30:10,2016-12-30 17:30:30
20,testproject20,0,testtask-20-10,,
20,testproject20,0,testtask-20-30,,
20,testproject20,0,testtask-20-40,,
0,testproject05,0,,,
0,testproject-1,0,,,
0,testproject-11,0,,,
0,tt,0,,,
0,tt,0,starting and stopping tasks,2017-09-07 11:36:36,2017-09-07 14:05:11
0,tt,0,wiki,2017-09-08 03:19:09,2017-09-08 07:19:26
0,tt,0,wiki,2017-09-08 11:19:40,2017-09-08 15:20:20
0,tt,0,wiki,2017-09-08 19:22:19,2017-09-08 23:22:57
0,tt,0,wiki,2017-09-09 01:31:53,2017-09-09 03:32:10
0,tt,0,wiki,2017-09-09 05:49:45,2017-09-09 07:50:29
